{
  "radius_mean": 0.00877192982456143,
  "texture_mean": 0.00877192982456143,
  "perimeter_mean": 0.00986842105263161,
  "area_mean": 0.00877192982456143,
  "smoothness_mean": 1.3877787807814457e-17,
  "compactness_mean": 0.006578947368421073,
  "concavity_mean": 0.00986842105263161,
  "concave points_mean": 0.010964912280701788,
  "symmetry_mean": 0.0010964912280702066,
  "fractal_dimension_mean": 0.015350877192982504,
  "radius_se": 0.013157894736842146,
  "texture_se": -0.003289473684210495,
  "perimeter_se": 0.010964912280701788,
  "area_se": 0.012061403508771967,
  "smoothness_se": 0.00877192982456143,
  "compactness_se": 0.004385964912280743,
  "concavity_se": 1.3877787807814457e-17,
  "concave points_se": 0.00877192982456143,
  "symmetry_se": 0.013157894736842146,
  "fractal_dimension_se": 0.007675438596491252,
  "radius_worst": 0.010964912280701788,
  "texture_worst": 0.02741228070175443,
  "perimeter_worst": 0.010964912280701788,
  "area_worst": 0.010964912280701788,
  "smoothness_worst": 0.01754385964912286,
  "compactness_worst": 0.010964912280701788,
  "concavity_worst": 0.00986842105263161,
  "concave points_worst": 0.015350877192982504,
  "symmetry_worst": 0.010964912280701775,
  "fractal_dimension_worst": 0.00877192982456143
}